{
  "u18|0|2028.0|0.001": [
    0.21614376891759143,
    0.4913810278183464
  ],
  "u18|0|2028.0|0.451": [
    96.54535559483138,
    220.71380615561745
  ],
  "u18|0|2028.0|0.901": [
    191.330041822614,
    439.49653400019383
  ],
  "u18|0|2028.0|1.351": [
    286.41673192126353,
    657.2487181833147
  ],
  "u18|0|2028.0|1.801": [
    384.3069319057807,
    873.0827027081215
  ],
  "u18|0|2028.1|0.001": [
    0.1426498165226602,
    0.4006351190811646
  ],
  "u18|0|2028.1|0.451": [
    63.93139170587069,
    180.3200229490865
  ],
  "u18|0|2028.1|0.901": [
    126.6125045301393,
    359.2569344840984
  ],
  "u18|0|2028.1|1.351": [
    189.1791519334283,
    536.909408934522
  ],
  "u18|0|2028.1|1.801": [
    254.3102062117701,
    712.8100076272527
  ],
  "u18|0|2028.2|0.001": [
    0.09796919231156553,
    0.3338971491963336
  ],
  "u18|0|2028.2|0.451": [
    43.657964362367466,
    150.09308509146211
  ],
  "u18|0|2028.2|0.901": [
    84.68584624676048,
    297.4534602211306
  ],
  "u18|0|2028.2|1.351": [
    122.57931673383513,
    440.76893150949445
  ],
  "u18|0|2028.2|1.801": [
    159.24613941415106,
    579.2085531548726
  ],
  "u18|0|2028.3|0.001": [
    0.057870960535410194,
    0.2634993436544042
  ],
  "u18|0|2028.3|0.451": [
    25.86437781922259,
    118.58117319517267
  ],
  "u18|0|2028.3|0.901": [
    50.37001957210918,
    235.52553574068713
  ],
  "u18|0|2028.3|1.351": [
    72.78444859215111,
    349.614627931487
  ],
  "u18|0|2028.3|1.801": [
    93.46053126643889,
    459.25519424986277
  ],
  "u18|0|2028.4|0.001": [
    0.0348682053283985,
    0.2055525665037789
  ],
  "u18|0|2028.4|0.451": [
    15.537112483624247,
    92.32095610230475
  ],
  "u18|0|2028.4|0.901": [
    30.138613524888676,
    182.68368745027007
  ],
  "u18|0|2028.4|1.351": [
    43.66806578522699,
    270.762468737551
  ],
  "u18|0|2028.4|1.801": [
    56.53813921096153,
    356.2952321993676
  ],
  "u18|0|2028.5|0.001": [
    0.022321788846624783,
    0.16152954255524457
  ],
  "u18|0|2028.5|0.451": [
    9.84137512407428,
    72.38235422213566
  ],
  "u18|0|2028.5|0.901": [
    18.684215673112483,
    142.51063972323718
  ],
  "u18|0|2028.5|1.351": [
    26.69962557372374,
    210.3595150786715
  ],
  "u18|0|2028.5|1.801": [
    34.61080148422755,
    276.4972325005891
  ],
  "u18|0|2028.6|0.001": [
    0.009749994489546636,
    0.10742025346924125
  ],
  "u18|0|2028.6|0.451": [
    4.284840208331524,
    48.20026401204419
  ],
  "u18|0|2028.6|0.901": [
    8.088953856851273,
    95.10930447318444
  ],
  "u18|0|2028.6|1.351": [
    11.507289411833522,
    140.4263365979297
  ],
  "u18|0|2028.6|1.801": [
    14.917186882235962,
    184.17499063670525
  ],
  "u18|0|2026|0.001": [
    0.021926472991330895,
    0.16937307980541566
  ],
  "u18|0|2026|0.451": [
    9.963105444385219,
    76.38002970502897
  ],
  "u18|0|2026|0.901": [
    20.188873575121363,
    152.0199275427888
  ],
  "u18|0|2026|1.351": [
    30.50235535905465,
    226.60153566117995
  ],
  "u18|0|2026|1.801": [
    40.450614059125414,
    298.9523980073056
  ],
  "u18|1|2028.0|0.001": [
    0.21683161837802112,
    0.5052049411697808
  ],
  "u18|1|2028.0|0.451": [
    97.774617284169,
    227.64287359253012
  ],
  "u18|1|2028.0|0.901": [
    195.23279528196588,
    453.55465962694706
  ],
  "u18|1|2028.0|1.351": [
    292.4849014523483,
    676.9974451705001
  ],
  "u18|1|2028.0|1.801": [
    389.40921241055736,
    896.6865772471746
  ],
  "u18|1|2028.1|0.001": [
    0.1581665168603268,
    0.4284957931900783
  ],
  "u18|1|2028.1|0.451": [
    71.31385025778856,
    193.05372703111036
  ],
  "u18|1|2028.1|0.901": [
    142.35324561808827,
    384.4932521874921
  ],
  "u18|1|2028.1|1.351": [
    213.15362621579177,
    573.545410091174
  ],
  "u18|1|2028.1|1.801": [
    283.57796519838485,
    758.9700031250843
  ],
  "u18|1|2028.2|0.001": [
    0.10066696380989931,
    0.3479518047335155
  ],
  "u18|1|2028.2|0.451": [
    45.38191649448975,
    156.73867330254078
  ],
  "u18|1|2028.2|0.901": [
    90.54931276422025,
    312.00565912488753
  ],
  "u18|1|2028.2|1.351": [
    135.48385985155448,
    465.01178045817795
  ],
  "u18|1|2028.2|1.801": [
    180.0551442362457,
    614.5871658924824
  ],
  "u18|1|2028.3|0.001": [
    0.05804595250959169,
    0.2732784229705172
  ],
  "u18|1|2028.3|0.451": [
    26.16307040038164,
    123.0775864896831
  ],
  "u18|1|2028.3|0.901": [
    52.1738633749531,
    244.85810657315298
  ],
  "u18|1|2028.3|1.351": [
    77.9927044236948,
    364.5812145929891
  ],
  "u18|1|2028.3|1.801": [
    103.51408974490855,
    481.18851670762706
  ],
  "u18|1|2028.4|0.001": [
    0.03360127276281537,
    0.21002521900572732
  ],
  "u18|1|2028.4|0.451": [
    15.142602367638574,
    94.5720372103766
  ],
  "u18|1|2028.4|0.901": [
    30.18203202369001,
    188.04036993255377
  ],
  "u18|1|2028.4|1.351": [
    45.080185151937094,
    279.715335182138
  ],
  "u18|1|2028.4|1.801": [
    59.76056654351355,
    368.6810935745497
  ],
  "u18|1|2028.5|0.001": [
    0.020090537680771667,
    0.16250448211964041
  ],
  "u18|1|2028.5|0.451": [
    9.0524026653011,
    73.16073110174524
  ],
  "u18|1|2028.5|0.901": [
    18.034087357226728,
    145.3886635646647
  ],
  "u18|1|2028.5|1.351": [
    26.913246661471497,
    216.07302887602705
  ],
  "u18|1|2028.5|1.801": [
    35.635105204134916,
    284.43127598203546
  ],
  "u18|1|2028.6|0.001": [
    0.008682778046571166,
    0.10807879079330074
  ],
  "u18|1|2028.6|0.451": [
    3.910891954135213,
    48.643183642449756
  ],
  "u18|1|2028.6|0.901": [
    7.782879305152192,
    96.578642511373
  ],
  "u18|1|2028.6|1.351": [
    11.593937403855893,
    143.31531319097982
  ],
  "u18|1|2028.6|1.801": [
    15.31222370606067,
    188.25274246581495
  ],
  "u18|1|2026|0.001": [
    0.023995234923261704,
    0.17628256318983093
  ],
  "u18|1|2026|0.451": [
    10.812212586816875,
    79.37304741949075
  ],
  "u18|1|2026|0.901": [
    21.542512567386094,
    157.78961836144748
  ],
  "u18|1|2026|1.351": [
    32.15536696627447,
    234.6410447070972
  ],
  "u18|1|2026|1.801": [
    42.58761649096402,
    309.12929879887463
  ],
  "u20|0|2028.0|0.001": [
    0.18360129183969365,
    0.5362196186240559
  ],
  "u20|0|2028.0|0.451": [
    83.07053237919203,
    241.62938681747917
  ],
  "u20|0|2028.0|0.901": [
    166.44989042335638,
    481.9828773126952
  ],
  "u20|0|2028.0|1.351": [
    249.63404961226345,
    721.4932381704948
  ],
  "u20|0|2028.0|1.801": [
    333.1661451369004,
    959.6410011623954
  ],
  "u20|0|2028.1|0.001": [
    0.14200595094566323,
    0.4741056007668174
  ],
  "u20|0|2028.1|0.451": [
    64.28871484788621,
    213.63415346918816
  ],
  "u20|0|2028.1|0.901": [
    128.76841731681003,
    425.9993730409729
  ],
  "u20|0|2028.1|1.351": [
    192.61641001686635,
    637.0905743001981
  ],
  "u20|0|2028.1|1.801": [
    255.88780214893552,
    845.9311705964749
  ],
  "u20|0|2028.2|0.001": [
    0.09183405647789675,
    0.399146946260027
  ],
  "u20|0|2028.2|0.451": [
    41.706324157133125,
    179.9362972662729
  ],
  "u20|0|2028.2|0.901": [
    84.06429589508778,
    359.25224822172396
  ],
  "u20|0|2028.2|1.351": [
    126.45358498192864,
    537.9363443974252
  ],
  "u20|0|2028.2|1.801": [
    168.99710796493346,
    715.099263470923
  ],
  "u20|0|2028.3|0.001": [
    0.05556703505005044,
    0.32875720968512767
  ],
  "u20|0|2028.3|0.451": [
    25.196950309452298,
    148.12062665534776
  ],
  "u20|0|2028.3|0.901": [
    50.498239216348395,
    295.3064782590551
  ],
  "u20|0|2028.3|1.351": [
    75.34621116654846,
    441.33640683311694
  ],
  "u20|0|2028.3|1.801": [
    100.15462766759062,
    585.7208299131154
  ],
  "u20|0|2028.4|0.001": [
    0.03389013885336549,
    0.2651786161603162
  ],
  "u20|0|2028.4|0.451": [
    15.232545079523208,
    119.31254949385041
  ],
  "u20|0|2028.4|0.901": [
    30.078286329863737,
    237.3066390794523
  ],