{
  "u18|0|2028.0|0.001": [
    0.41932929646014677,
    0.9573550049154427
  ],
  "u18|0|2028.0|0.251": [
    99.26930101479067,
    229.19009895493986
  ],
  "u18|0|2028.0|0.501": [
    195.65839361184274,
    451.7163864757985
  ],
  "u18|0|2028.0|0.751": [
    291.1924588668286,
    667.786811930105
  ],
  "u18|0|2028.0|1.001": [
    384.4546109036864,
    873.4076246814251
  ],
  "u18|0|2028.1|0.001": [
    0.2749573525397174,
    0.7798540052163145
  ],
  "u18|0|2028.1|0.251": [
    65.52280344722827,
    187.47605876306605
  ],
  "u18|0|2028.1|0.501": [
    129.671773257562,
    369.99610422441333
  ],
  "u18|0|2028.1|0.751": [
    192.8812301698769,
    546.2556906232481
  ],
  "u18|0|2028.1|1.001": [
    254.40438915998175,
    713.0694337916207
  ],
  "u18|0|2028.2|0.001": [
    0.17267793971066006,
    0.6356090836468778
  ],
  "u18|0|2028.2|0.251": [
    41.05304330346855,
    152.94487990640178
  ],
  "u18|0|2028.2|0.501": [
    81.33673820971245,
    301.7617600632077
  ],
  "u18|0|2028.2|0.751": [
    120.90914401884373,
    444.8355434795556
  ],
  "u18|0|2028.2|1.001": [
    159.31556492727543,
    579.4268170721805
  ],
  "u18|0|2028.3|0.001": [
    0.10155665479856886,
    0.5055497620432455
  ],
  "u18|0|2028.3|0.251": [
    24.155699459781218,
    121.91637568136105
  ],
  "u18|0|2028.3|0.501": [
    47.857876288833054,
    240.3296635351945
  ],
  "u18|0|2028.3|0.751": [
    71.07129687499616,
    353.619308036828
  ],
  "u18|0|2028.3|1.001": [
    93.50419979094514,
    459.4246661824151
  ],
  "u18|0|2028.4|0.001": [
    0.061891491506503346,
    0.3940114675873899
  ],
  "u18|0|2028.4|0.251": [
    14.729833451003504,
    95.21073836708514
  ],
  "u18|0|2028.4|0.501": [
    29.138431415012437,
    187.44646763022814
  ],
  "u18|0|2028.4|0.751": [
    43.15641119987497,
    275.1847874357107
  ],
  "u18|0|2028.4|1.001": [
    56.56254331706704,
    356.4191940398749
  ],
  "u18|0|2028.5|0.001": [
    0.03829023728343497,
    0.30703344437772745
  ],
  "u18|0|2028.5|0.251": [
    9.098870724972805,
    74.34405204199642
  ],
  "u18|0|2028.5|0.501": [
    17.96521599485425,
    146.18882736033166
  ],
  "u18|0|2028.5|0.751": [
    26.528176118847608,
    214.16084129636764
  ],
  "u18|0|2028.5|1.001": [
    34.62446182593011,
    276.5892992508234
  ],
  "u18|0|2028.6|0.001": [
    0.016646885845304275,
    0.2053430279707872
  ],
  "u18|0|2028.6|0.251": [
    3.972430284863757,
    49.97418288644851
  ],
  "u18|0|2028.6|0.501": [
    7.8236451756706265,
    98.09900945465954
  ],
  "u18|0|2028.6|0.751": [
    11.501753248464636,
    143.25539085847942
  ],
  "u18|0|2028.6|1.001": [
    14.92249647020161,
    184.23371809805678
  ],
  "u18|0|2026|0.001": [
    0.04406621775944768,
    0.33079248077098616
  ],
  "u18|0|2026|0.251": [
    10.56656422114792,
    80.0855008892981
  ],
  "u18|0|2026|0.501": [
    20.895900469345253,
    157.5912308233676
  ],
  "u18|0|2026|0.751": [
    30.917933902852457,
    231.14604907595816
  ],
  "u18|0|2026|1.001": [
    40.466728456442006,
    299.0535790557378
  ],
  "u18|1|2028.0|0.001": [
    0.39492426946605663,
    0.9337543695542891
  ],
  "u18|1|2028.0|0.251": [
    99.03761236178926,
    233.7561290254738
  ],
  "u18|1|2028.0|0.501": [
    197.15042514376808,
    462.9468949202402
  ],
  "u18|1|2028.0|0.751": [
    294.18742330418615,
    685.0674686564298
  ],
  "u18|1|2028.0|1.001": [
    389.57180273533027,
    897.027617978412
  ],
  "u18|1|2028.1|0.001": [
    0.28858954356255617,
    0.7938979606539668
  ],
  "u18|1|2028.1|0.251": [
    72.35571142292771,
    198.68742095283176
  ],
  "u18|1|2028.1|0.501": [
    143.94254875468798,
    393.15884953310996
  ],
  "u18|1|2028.1|0.751": [
    214.55882358699242,
    580.9766696336154
  ],
  "u18|1|2028.1|1.001": [
    283.69493880241333,
    759.2537498085821
  ],
  "u18|1|2028.2|0.001": [
    0.1841816484520321,
    0.6468650740296171
  ],
  "u18|1|2028.2|0.251": [
    46.16334747791516,
    161.82520446874676
  ],
  "u18|1|2028.2|0.501": [
    91.74713632968249,
    319.83788693256344
  ],
  "u18|1|2028.2|0.751": [
    136.5369869995601,
    471.709919671987
  ],
  "u18|1|2028.2|1.001": [
    180.12805915870862,
    614.8114461988839
  ],
  "u18|1|2028.3|0.001": [
    0.10658205555648609,
    0.5100162242743165
  ],
  "u18|1|2028.3|0.251": [
    26.70259446468033,
    127.53207362558454
  ],
  "u18|1|2028.3|0.501": [
    53.004010391152065,
    251.72112202351076
  ],
  "u18|1|2028.3|0.751": [
    78.71801573705137,
    370.4318982967343
  ],
  "u18|1|2028.3|1.001": [
    103.55502275476903,
    481.3592958690399
  ],
  "u18|1|2028.4|0.001": [
    0.06190518144759665,
    0.3934892151431425
  ],
  "u18|1|2028.4|0.251": [
    15.503376442935707,
    98.34919146885971
  ],
  "u18|1|2028.4|0.501": [
    30.738142915704685,
    193.85984957530243
  ],
  "u18|1|2028.4|0.751": [
    45.5634169221951,
    284.659833939677
  ],
  "u18|1|2028.4|1.001": [
    59.78367945901212,
    368.8083204828145
  ],
  "u18|1|2028.5|0.001": [
    0.03714086795517636,
    0.3055889717327151
  ],
  "u18|1|2028.5|0.251": [
    9.297742135181087,
    76.34594313663014
  ],
  "u18|1|2028.5|0.501": [
    18.412594080610468,
    150.29471867785475
  ],
  "u18|1|2028.5|0.751": [
    27.240477305335254,
    220.22832740126904
  ],
  "u18|1|2028.5|1.001": [
    35.648576844850766,
    284.52677564697484
  ],
  "u18|1|2028.6|0.001": [
    0.01617015534091397,
    0.20450222310666047
  ],
  "u18|1|2028.6|0.251": [
    4.0445095971969085,
    51.05388314095015
  ],
  "u18|1|2028.6|0.501": [
    7.989132911030708,
    100.2885354613087
  ],
  "u18|1|2028.6|0.751": [
    11.77066306498032,
    146.44172111814916
  ],
  "u18|1|2028.6|1.001": [
    15.317727468141799,
    188.3130397853718
  ],
  "u18|1|2026|0.001": [
    0.0443208873120288,
    0.3306954203193676
  ],
  "u18|1|2026|0.251": [
    11.096316591388721,
    82.64204711649073
  ],
  "u18|1|2026|0.501": [
    21.98098443622848,
    162.82658706181027
  ],
  "u18|1|2026|0.751": [
    32.53522106205676,
    238.91707071366554
  ],
  "u18|1|2026|1.001": [
    42.60380251244892,
    309.2349485087722
  ],
  "u20|0|2028.0|0.001": [
    0.35710631593134773,
    1.051764269130693
  ],
  "u20|0|2028.0|0.251": [
    84.87470135534805,
    250.5556397192445
  ],
  "u20|0|2028.0|0.501": [
    168.68337424821104,
    495.3959573365149
  ],
  "u20|0|2028.0|0.751": [
    251.41406945375255,
    732.8185953880486
  ],
  "u20|0|2028.0|1.001": [
    333.3041864060974,
    959.9838576583695
  ],
  "u20|0|2028.1|0.001": [
    0.2754402893804119,
    0.9299060174946158
  ],
  "u20|0|2028.1|0.251": [
    65.37199096985013,
    221.4985689095042
  ],
  "u20|0|2028.1|0.501": [
    129.87189513932796,
    437.7139820728126
  ],
  "u20|0|2028.1|0.751": [
    193.452778334186,
    646.9714554345003
  ],
  "u20|0|2028.1|1.001": [
    255.99518565524173,
    846.2308116989147
  ],
  "u20|0|2028.2|0.001": [
    0.18284085621782556,
    0.7890337337406106
  ],
  "u20|0|2028.2|0.251": [
    43.33243463996455,
    188.01498494528795
  ],
  "u20|0|2028.2|0.501": [
    85.98683688179621,
    371.19648761904404
  ],
  "u20|0|2028.2|0.751": [
    128.00310429798353,
    547.9963575425057
  ],
  "u20|0|2028.2|1.001": [
    169.0641804941941,
    715.3426960069596
  ],
  "u20|0|2028.3|0.001": [
    0.10903112646972603,
    0.6487699419366378
  ],
  "u20|0|2028.3|0.251": [
    25.791860829475542,
    154.73348674700887
  ],
  "u20|0|2028.3|0.501": [
    51.122647772162246,
    305.19268282881234
  ],
  "u20|0|2028.3|0.751": [
    76.01374748918596,
    449.854188537177
  ],
  "u20|0|2028.3|1.001": [
    100.1937827768201,
    585.9139854269887
  ],
  "u20|0|2028.4|0.001": [
    0.06526621788674977,
    0.5226801380275922
  ],
  "u20|0|2028.4|0.251": [
    15.419659975279282,
    124.84982764756292
  ],
  "u20|0|2028.4|0.501": [
    30.522244990252595,
    246.00346193127288
  ],